wrestler,wins,years,status
Mike Recker,100,87-89,
Chad Billy,102,89-91,
A.J. Bucko,100,90-93,
Dennis Liberto,128,91-95,
Ryan Gumlock,125,91-95,
Craig Fenstermaker,117,91-95,
Rick Umstead,111,92-96,
Christian Luciano,143,94-98,
John Hard,107,95-98,
Tommy Rohn,140,96-00,
Jeremy Bucko,113,96-00,
Seth Lisa,152,97-01,
Aaron Suranofsky,141,97-01,
Phil Hard,140,97-01,
Jeff Ecklof,154,99-03,
Josh Haines,157,00-04,
Billy Haydt,115,01-04,
Jon Oplinger,119,01-04,
Joey Ecklof,140,02-05,
John Paukovits,126,02-05,
Dave Gilio,109,02-05,
Marcus Wilson,108,03-07,
Josh Yurasits,106,06-09,
Shane Fenningham,121,06-09,
Jimmy Sheptock,148,06-09,
Aaron Chamberlain,110,06-09,
Jordan Glykas,110,07-10,
Austin Sommer,123,07-11,
Jason Stephen,109,09-12,
Bobby Fehr,111,11-14,
Zach Valley,125,11-14,
Todd Hetrick,101,12-15,
Cade Moisey,115,13-17,
Dan Moran,151,13-17,
Devon Britton,114,15-19,
Julian Chlebove,130,15-19,
Michael Kistler,115,15-19,
Jagger Condomitti,141,17-21,
Dagen Condomitti,118,19-23,
Carson Wagner,115,19-23,
Trey Wagner,140,22-26,
Gabriel Ballard,121,23-,active
