category,wrestler,value,year
Most Wins,Julian Chlebove,49,2019
Most Wins,Jagger Condomitti,48,2019
Most Wins,Michael Kistler,48,2019
Most Wins,Jimmy Sheptock,45,2009
Most Wins,Aaron Suranofsky,44,1999
Most Wins,Josh Haines,44,2003
Most Wins,Joe Piro,44,2008
Most Wins,Brayden Wenrich,44,2025
Most Wins,Julian Chlebove,43,2016
Most Wins,Dan Moran,43,2017
Most Wins,Devon Britton,43,2018
Most Wins,Aaron Suranofsky,42,2000
Most Wins,Jeff Ecklof,42,2003
Most Wins,K.J. Fenstermacher,42,2017
Most Wins,Gabriel Ballard,41,2024
Most Wins,Gabriel Ballard,41,2026
Most Falls,Joe Piro,34,2008
Most Falls,Christian Luciano,29,1998
Most Falls,Phil Hard,29,2000
Most Falls,Jagger Condomitti,25,2019
Most Falls,Joe Piro,24,2009
Most Falls,Ryan Stilgenbauer,24,2019
Most Falls,Austin Noe,24,2024
Most Falls,Michael Kistler,23,2019
Most Falls,Justin Oplinger,22,2006
Most Falls,Jayden Bortz,22,2019
Most Falls,Frank Mazzocchi,21,1993
Most Falls,Josh Haines,21,2004
Most Falls,Jon Oplinger,21,2004
Most Falls,Erik Schaffer,21,2009
Most Falls,Hunter Werkheiser,21,2019
Most Team Points (Duals),Joe Piro,137,2008
Most Team Points (Duals),Christian Luciano,126,1998
Most Team Points (Duals),Jason Grim,125,1993
Most Team Points (Duals),Jeff Ecklof,125,2003
Most Team Points (Duals),Aaron Chamberlain,125,2008
Most Team Points (Duals),Jimmy Sheptock,124,2009
Most Team Points (Duals),Phil Hard,120,2000
Most Team Points (Duals),Julian Chlebove,120,2019
Most Team Points (Duals),Jagger Condomitti,120,2019
Most Takedowns,Tommy Rohn,147,2000
Most Takedowns,Gabriel Ballard,114,2026
Most Takedowns,Gabriel Ballard,114,2025
Most Takedowns,Dennis Liberto,111,1995
Most Takedowns,Seth Lisa,109,2001
Most Takedowns,Chad Billy,104,1991
Most Takedowns,Rian Youwakim,102,1989
Most Takedowns,Mike Recker,100,1989
