year,wrestler,weight
1955,Edward Keglovits,154 lbs
1955,Steve Micio,133 lbs
1984,Sean Finkbeiner,145 lbs
1991,Chad Billy,112 lbs
1993,Mike Tomsic,112 lbs
1994,Whitey Chlebove,130 lbs
1995,Dennis Liberto,103 lbs
1998,Christian Luciano,171 lbs
1998,John Hard,275 lbs
2000,Ryan McCallum,130 lbs
2001,Jeff Ecklof,125 lbs
2003,Jeff Ecklof,145 lbs
2003,Joey Ecklof,135 lbs
2003,Jon Oplinger,215 lbs
2003,Josh Haines,189 lbs
2004,Joey Ecklof,145 lbs
2004,Jon Oplinger,215 lbs
2004,Josh Haines,189 lbs
2005,Joey Ecklof,152 lbs
2007,Justin Wieller,215 lbs
2016,Julian Chlebove,113 lbs
2017,Julian Chlebove,120 lbs
2019,Julian Chlebove,132 lbs
2021,Jagger Condomitti,160 lbs
2024,Trey Wagner,127 lbs
2026,Brayden Wenrich,114 lbs
2026,Gabriel Ballard,152 lbs
