year,wrestler,weight,place
1954,Steve Micio,127 lbs,2
1956,Bob Meyers,127 lbs,2
1963,Dave Wall,120 lbs,2
1975,Rick Billy,105 lbs,2
1976,Rick Billy,126 lbs,4
1981,Matt Billy,105 lbs,6
1985,Joe Billy,119 lbs,3
1986,Brad Billy,119 lbs,4
1986,Stan Reuben,126 lbs,6
1987,Mike Bartholomew,132 lbs,3
1988,Don Suranofsky,112 lbs,4
1988,Kevin Smith,164 lbs,4
1988,Mike Recker,105 lbs,4
1989,Kevin Smith,171 lbs,2
1989,Chad Billy,103 lbs,4
1989,Mike Recker,119 lbs,4
1990,Rian Youwakim,119 lbs,2
1990,Chad Billy,112 lbs,6
1992,Joe Reuben,125 lbs,2
1993,Frank Mazzocchi,119 lbs,3
1993,Steve Gaugler,152 lbs,4
1993,Dennis Liberto,103 lbs,6
1994,Dave Emili,119 lbs,2
1994,Dennis Liberto,103 lbs,3
1994,Ryan Gumlock,152 lbs,3
1995,Dave Emili,119 lbs,2
1995,Craig Fenstermaker,189 lbs,3
1995,Ryan Gumlock,160 lbs,3
1995,Tim Mazzocchi,125 lbs,5
1995,Christian Luciano,140 lbs,6
1996,Rick Umstead,189 lbs,3
1996,Christian Luciano,152 lbs,4
1997,Christian Luciano,171 lbs,2
1997,John Hard,275 lbs,4
1997,Mike Sommer,140 lbs,4
1998,Phil Hard,189 lbs,3
1998,Seth Lisa,119 lbs,5
1999,Aaron Suranofsky,103 lbs,3
2000,Jeff Ecklof,125 lbs,2
2000,Tommy Rohn,140 lbs,2
2000,Aaron Suranofsky,112 lbs,3
2000,Marty Limpar,171 lbs,3
2000,Phil Hard,275 lbs,3
2000,Seth Lisa,135 lbs,3
2000,Brad Youwakim,160 lbs,6
2001,Phil Hard,189 lbs,2
2001,Seth Lisa,130 lbs,2
2002,Jon Oplinger,189 lbs,2
2002,Jeff Ecklof,130 lbs,3
2002,Josh Haines,171 lbs,3
2002,Bobby Zuber,145 lbs,4
2003,John Paukovits,119 lbs,8
2004,Billy Haydt,160 lbs,3
2004,Steve Mytych,112 lbs,4
2004,John Paukovits,135 lbs,5
2004,Billy Stenack,125 lbs,7
2004,Matt Snyder,275 lbs,8
2004,Mike Parisi,140 lbs,8
2006,Justin Wieller,189 lbs,5
2007,Mike Wechsler,152 lbs,5
2007,Marcus Wilson,171 lbs,6
2007,Jimmy Sheptock,140 lbs,7
2008,Jimmy Sheptock,152 lbs,3
2008,Braden Turner,145 lbs,4
2008,Shane Fenningham,135 lbs,5
2008,Joe Piro,189 lbs,7
2008,Mike Wechsler,160 lbs,7
2009,Jimmy Sheptock,160 lbs,3
2009,Joe Piro,189 lbs,4
2009,Phil Marano,140 lbs,5
2009,Josh Yurasits,130 lbs,6
2009,Austin Sommer,135 lbs,7
2010,Austin Sommer,152 lbs,3
2010,Jordan Glykas,125 lbs,4
2011,John Lambert,152 lbs,8
2012,Cole Sheptock,152 lbs,4
2012,Zach Valley,113 lbs,5
2012,Jason Stephen,138 lbs,6
2013,Zach Valley,120 lbs,4
2013,Bobby Fehr,160 lbs,6
2013,Michael Scheetz,106 lbs,7
2014,Dan Moran,106 lbs,2
2014,Zach Valley,126 lbs,2
2014,Michael Scheetz,113 lbs,6
2014,Bobby Fehr,160 lbs,7
2015,Dan Moran,113 lbs,4
2016,Dan Moran,120 lbs,5
2017,Dan Moran,138 lbs,2
2017,K.J. Fenstermacher,132 lbs,3
2017,Cade Moisey,170 lbs,7
2018,Devon Britton,132 lbs,3
2019,Jagger Condomitti,145 lbs,4
2019,Devon Britton,138 lbs,6
2019,Michael Kistler,152 lbs,7
2020,Jagger Condomitti,145 lbs,2
2020,Carson Wagner,106 lbs,6
2021,Carson Wagner,106 lbs,5
2021,Patrick Snoke,126 lbs,6
2021,Dagen Condomitti,145 lbs,7
2022,Carson Wagner,113 lbs,4
2022,Dagen Condomitti,152 lbs,4
2023,Carson Wagner,114 lbs,2
2023,Dagen Condomitti,152 lbs,3
2024,Gabriel Ballard,114 lbs,4
2025,Brayden Wenrich,107 lbs,2
2025,Gabriel Ballard,127 lbs,2
2025,Trey Wagner,133 lbs,5
2025,Gavin Grell,285 lbs,6
2026,Trey Wagner,139 lbs,7
