wrestler,wins,losses,team_points_duals,falls,tech_falls,major_decisions,takedowns,third_period,career_wins,career_losses
Ben Schoeneberger,23,13,72,17,0,0,27,-11,23,13
Cade Strauss,15,16,43,3,4,0,27,-38,20,22
Brayden Wenrich,36,1,86,10,13,8,83,30,80,7
Mason Frisoli,4,3,15,1,0,0,4,2,4,3
Davi Glykas,20,15,57,11,1,3,27,-14,21,17
Matthew Sommer,26,16,73,13,4,1,44,10,49,35
Zachary Hartzell,0,3,0,0,0,0,1,0,0,3
Johan Santana,0,4,0,0,0,0,0,-3,0,4
Trey Wagner,37,6,84,8,12,3,75,58,140,26
Chase Grabfelder,32,9,89,18,6,1,71,-2,95,37
Giuliano Labbadia,5,6,9,0,1,2,15,12,6,6
Gabe Ballard,41,5,89,15,14,4,114,36,121,19
Carter Chlebove,34,15,79,4,12,6,109,60,48,27
Robert Wambold,1,2,0,1,0,0,2,-3,4,12
Nick Harding,0,3,0,0,0,0,0,0,0,3
Daniel Herritt,0,0,0,0,0,0,0,0,3,17
Logan Rusnock,8,19,28,4,3,1,20,-14,9,27
Joell Small,16,18,54,10,2,2,41,7,30,43
Brandon McEntire,16,14,62,13,1,0,21,6,18,22
